app_url,package_name,playstore_ranking_country,ranking
https://play.google.com/store/apps/details?id=com.knockdown.bottle.game,com.knockdown.bottle.game,India,101
https://play.google.com/store/apps/details?id=com.abi.carracer.racingfree,com.abi.carracer.racingfree,India,102
https://play.google.com/store/apps/details?id=com.moonfrog.ludo.club,com.moonfrog.ludo.club,India,103
https://play.google.com/store/apps/details?id=com.jio.jioplay.tv,com.jio.jioplay.tv,India,104
https://play.google.com/store/apps/details?id=com.cisco.webex.meetings,com.cisco.webex.meetings,India,105
https://play.google.com/store/apps/details?id=com.outfit7.mytalkingangelafree,com.outfit7.mytalkingangelafree,India,106
https://play.google.com/store/apps/details?id=com.play.io.monster.truck.demolition.derby.crash.stunts,com.play.io.monster.truck.demolition.derby.crash.stunts,India,107
https://play.google.com/store/apps/details?id=com.playrix.fishdomdd.gplay,com.playrix.fishdomdd.gplay,India,108
https://play.google.com/store/apps/details?id=com.uc.vmate,com.uc.vmate,India,109
https://play.google.com/store/apps/details?id=com.gun.black.ops,com.gun.black.ops,India,110
https://play.google.com/store/apps/details?id=com.doubtnutapp,com.doubtnutapp,India,111
https://play.google.com/store/apps/details?id=com.wordsmobile.RealBikeRacing,com.wordsmobile.RealBikeRacing,India,112
https://play.google.com/store/apps/details?id=com.gaga.live,com.gaga.live,India,113
https://play.google.com/store/apps/details?id=com.gun.fun.anti.shoot,com.gun.fun.anti.shoot,India,114
https://play.google.com/store/apps/details?id=in.mohalla.sharechat,in.mohalla.sharechat,India,115
https://play.google.com/store/apps/details?id=com.jungleegames.rummy,com.jungleegames.rummy,India,116
https://play.google.com/store/apps/details?id=com.spotify.music,com.spotify.music,India,117
https://play.google.com/store/apps/details?id=com.freeplay.runandfight,com.freeplay.runandfight,India,201
https://play.google.com/store/apps/details?id=videostatusmaker.videostatus.lyrical.lovely.love.ly,videostatusmaker.videostatus.lyrical.lovely.love.ly,India,301
https://play.google.com/store/apps/details?id=org.videolan.vlc,org.videolan.vlc,India,401
https://play.google.com/store/apps/details?id=com.whatsapp,com.whatsapp,India,1
https://play.google.com/store/apps/details?id=com.cocoplay.sweet.bakery,com.cocoplay.sweet.bakery,India,118
https://play.google.com/store/apps/details?id=com.gta.truck.driver.city.crush,com.gta.truck.driver.city.crush,India,119
https://play.google.com/store/apps/details?id=com.yoozoogames.carromfriendsboardgames,com.yoozoogames.carromfriendsboardgames,India,120
https://play.google.com/store/apps/details?id=com.snapdeal.main,com.snapdeal.main,India,121
https://play.google.com/store/apps/details?id=com.olx.southasia,com.olx.southasia,India,122
https://play.google.com/store/apps/details?id=com.gokids.transportbuilding,com.gokids.transportbuilding,India,123
https://play.google.com/store/apps/details?id=com.twitter.android,com.twitter.android,India,124
https://play.google.com/store/apps/details?id=com.niksoftware.snapseed,com.niksoftware.snapseed,India,125
https://play.google.com/store/apps/details?id=com.panoramamaker.swipeablephotos.gridpicsapp,com.panoramamaker.swipeablephotos.gridpicsapp,India,126
https://play.google.com/store/apps/details?id=com.billiards.city.pool.nation.club,com.billiards.city.pool.nation.club,India,127
https://play.google.com/store/apps/details?id=com.fungames.sniper3d,com.fungames.sniper3d,India,128
https://play.google.com/store/apps/details?id=com.playgendary.kickthebuddy,com.playgendary.kickthebuddy,India,129
https://play.google.com/store/apps/details?id=com.vaibhavkalpe.android.khatabook,com.vaibhavkalpe.android.khatabook,India,130
https://play.google.com/store/apps/details?id=com.uc.vmlite,com.uc.vmlite,India,131
https://play.google.com/store/apps/details?id=com.bl.critical.strike,com.bl.critical.strike,India,132
https://play.google.com/store/apps/details?id=com.adobe.lrmobile,com.adobe.lrmobile,India,133
https://play.google.com/store/apps/details?id=com.appsomniacs.da2,com.appsomniacs.da2,India,134
https://play.google.com/store/apps/details?id=com.knights.bikesstunt.motomaster,com.knights.bikesstunt.motomaster,India,135
https://play.google.com/store/apps/details?id=com.llx.chess,com.llx.chess,India,136
https://play.google.com/store/apps/details?id=com.agent.action,com.agent.action,India,202
https://play.google.com/store/apps/details?id=com.dev.dailyhoroscopepalmreader,com.dev.dailyhoroscopepalmreader,India,203
https://play.google.com/store/apps/details?id=in.gov.diksha.app,in.gov.diksha.app,India,204
https://play.google.com/store/apps/details?id=com.herogame.gplay.hopelessland,com.herogame.gplay.hopelessland,India,205
https://play.google.com/store/apps/details?id=com.vedantu.app,com.vedantu.app,India,206
https://play.google.com/store/apps/details?id=bubble.shooter.pop.pro.free,bubble.shooter.pop.pro.free,India,207
https://play.google.com/store/apps/details?id=game.bubble.shooter.dragon.pop,game.bubble.shooter.dragon.pop,India,208
https://play.google.com/store/apps/details?id=com.lightricks.pixaloop,com.lightricks.pixaloop,India,209
https://play.google.com/store/apps/details?id=com.adobe.scan.android,com.adobe.scan.android,India,210
https://play.google.com/store/apps/details?id=com.clockey.skimaster,com.clockey.skimaster,India,211
https://play.google.com/store/apps/details?id=com.gp.impossible.ramp.car.stunt.tracks,com.gp.impossible.ramp.car.stunt.tracks,India,212
https://play.google.com/store/apps/details?id=in.AajTak.headlines,in.AajTak.headlines,India,213
https://play.google.com/store/apps/details?id=com.gamexis.sniper.professional.action.game.apps,com.gamexis.sniper.professional.action.game.apps,India,214
https://play.google.com/store/apps/details?id=com.facebook.mlite,com.facebook.mlite,India,215
https://play.google.com/store/apps/details?id=com.hambastudio.linecolor,com.hambastudio.linecolor,India,216
https://play.google.com/store/apps/details?id=com.differencetenderwhite.skirt,com.differencetenderwhite.skirt,India,217
https://play.google.com/store/apps/details?id=com.hgamesart.crimedriver,com.hgamesart.crimedriver,India,218
https://play.google.com/store/apps/details?id=cn.wps.moffice_eng,cn.wps.moffice_eng,India,219
https://play.google.com/store/apps/details?id=com.freephone.secondnumberapps,com.freephone.secondnumberapps,India,220
https://play.google.com/store/apps/details?id=video.like.lite,video.like.lite,India,221
https://play.google.com/store/apps/details?id=com.kayac.park_master,com.kayac.park_master,India,222
https://play.google.com/store/apps/details?id=com.whereismytrain.android,com.whereismytrain.android,India,223
https://play.google.com/store/apps/details?id=com.photoscreen.move,com.photoscreen.move,India,224
https://play.google.com/store/apps/details?id=com.delhi.covidcare,com.delhi.covidcare,India,225
https://play.google.com/store/apps/details?id=com.interbolt.impossible.formula.ramp.car.stunts,com.interbolt.impossible.formula.ramp.car.stunts,India,226
https://play.google.com/store/apps/details?id=com.Locos.MBS,com.Locos.MBS,India,302
https://play.google.com/store/apps/details?id=com.mini.ludo.game,com.mini.ludo.game,India,303
https://play.google.com/store/apps/details?id=truecaller.caller.callerid.name.phone.dialer,truecaller.caller.callerid.name.phone.dialer,India,304
https://play.google.com/store/apps/details?id=com.quok.repairMaster3d,com.quok.repairMaster3d,India,305
https://play.google.com/store/apps/details?id=com.outplayentertainment.aliencreeps,com.outplayentertainment.aliencreeps,India,306
https://play.google.com/store/apps/details?id=com.jio.join,com.jio.join,India,307
https://play.google.com/store/apps/details?id=com.thankyo.hwgame,com.thankyo.hwgame,India,308
https://play.google.com/store/apps/details?id=net.promediastudio.royalgirlsprincesssalon,net.promediastudio.royalgirlsprincesssalon,India,309
https://play.google.com/store/apps/details?id=com.GMA.Ball.Sort.Puzzle,com.GMA.Ball.Sort.Puzzle,India,310
https://play.google.com/store/apps/details?id=com.superplusgames.hosandroid,com.superplusgames.hosandroid,India,311
https://play.google.com/store/apps/details?id=fc.admin.fcexpressadmin,fc.admin.fcexpressadmin,India,312
https://play.google.com/store/apps/details?id=com.neqwot.newhityac,com.neqwot.newhityac,India,313
https://play.google.com/store/apps/details?id=com.stucare.ayush,com.stucare.ayush,India,314
https://play.google.com/store/apps/details?id=com.mgc.miami.crime.simulator.two,com.mgc.miami.crime.simulator.two,India,315
https://play.google.com/store/apps/details?id=com.azurgames.stackball,com.azurgames.stackball,India,316
https://play.google.com/store/apps/details?id=com.funcamerastudio.videomaker,com.funcamerastudio.videomaker,India,317
https://play.google.com/store/apps/details?id=io.voodoo.crowdcity,io.voodoo.crowdcity,India,318
https://play.google.com/store/apps/details?id=com.google.android.apps.photos,com.google.android.apps.photos,India,319
https://play.google.com/store/apps/details?id=com.devgame66.csshot,com.devgame66.csshot,India,320
https://play.google.com/store/apps/details?id=com.cyberlink.youcammakeup,com.cyberlink.youcammakeup,India,402
https://play.google.com/store/apps/details?id=com.azarlive.android,com.azarlive.android,India,403
https://play.google.com/store/apps/details?id=ru.zdevs.zarchiver,ru.zdevs.zarchiver,India,404
https://play.google.com/store/apps/details?id=com.Dominos,com.Dominos,India,405
https://play.google.com/store/apps/details?id=com.lbe.parallel.intl,com.lbe.parallel.intl,India,406
https://play.google.com/store/apps/details?id=com.sbkgames.RacingLimits,com.sbkgames.RacingLimits,India,407
https://play.google.com/store/apps/details?id=com.zapak.littlekrishnarunner,com.zapak.littlekrishnarunner,India,408
https://play.google.com/store/apps/details?id=com.google.android.webview,com.google.android.webview,India,409
https://play.google.com/store/apps/details?id=com.sky.funnyfruitsplash,com.sky.funnyfruitsplash,India,410
https://play.google.com/store/apps/details?id=com.topfreegames.bikeracefreeworld,com.topfreegames.bikeracefreeworld,India,411
https://play.google.com/store/apps/details?id=com.appwallet.policephotosuit,com.appwallet.policephotosuit,India,412
https://play.google.com/store/apps/details?id=com.cassette.aquapark,com.cassette.aquapark,India,413
https://play.google.com/store/apps/details?id=com.orange.coloring.learn.kids,com.orange.coloring.learn.kids,India,414
https://play.google.com/store/apps/details?id=com.bright.photo.editor,com.bright.photo.editor,India,415
https://play.google.com/store/apps/details?id=com.chillingo.robberybobfree.android.row,com.chillingo.robberybobfree.android.row,India,416
https://play.google.com/store/apps/details?id=com.mustardgames.impossiblecarstunts.mega.ramp.carstunts.racing,com.mustardgames.impossiblecarstunts.mega.ramp.carstunts.racing,India,417
https://play.google.com/store/apps/details?id=com.slideshow.with.music,com.slideshow.with.music,India,418
https://play.google.com/store/apps/details?id=com.cocoplay.shoppinggirl,com.cocoplay.shoppinggirl,India,419
https://play.google.com/store/apps/details?id=com.test.tikkik,com.test.tikkik,India,420
https://play.google.com/store/apps/details?id=com.ticno.olymptrade,com.ticno.olymptrade,India,421
https://play.google.com/store/apps/details?id=com.money91,com.money91,India,422
https://play.google.com/store/apps/details?id=com.ryzmedia.tatasky,com.ryzmedia.tatasky,India,423
https://play.google.com/store/apps/details?id=com.zhiliaoapp.musically,com.zhiliaoapp.musically,India,2
https://play.google.com/store/apps/details?id=com.ludo.king,com.ludo.king,India,3
https://play.google.com/store/apps/details?id=us.zoom.videomeetings,us.zoom.videomeetings,India,4
https://play.google.com/store/apps/details?id=com.dts.freefireth,com.dts.freefireth,India,5
https://play.google.com/store/apps/details?id=nic.goi.aarogyasetu,nic.goi.aarogyasetu,India,6
https://play.google.com/store/apps/details?id=com.google.android.apps.meetings,com.google.android.apps.meetings,India,7
https://play.google.com/store/apps/details?id=com.kwai.global.video.social.kwaigo,com.kwai.global.video.social.kwaigo,India,8
https://play.google.com/store/apps/details?id=com.google.android.apps.nbu.paisa.user,com.google.android.apps.nbu.paisa.user,India,9
https://play.google.com/store/apps/details?id=com.rubygames.assassin,com.rubygames.assassin,India,10
https://play.google.com/store/apps/details?id=com.instagram.android,com.instagram.android,India,11
https://play.google.com/store/apps/details?id=com.miniclip.carrom,com.miniclip.carrom,India,12
https://play.google.com/store/apps/details?id=com.facebook.katana,com.facebook.katana,India,13
https://play.google.com/store/apps/details?id=com.lenovo.anyshare.gps,com.lenovo.anyshare.gps,India,14
https://play.google.com/store/apps/details?id=app.buzz.share,app.buzz.share,India,15
https://play.google.com/store/apps/details?id=com.tencent.iglite,com.tencent.iglite,India,16
https://play.google.com/store/apps/details?id=com.mxtech.videoplayer.ad,com.mxtech.videoplayer.ad,India,17
https://play.google.com/store/apps/details?id=com.wildspike.wormszone,com.wildspike.wormszone,India,137
https://play.google.com/store/apps/details?id=com.camerasideas.instashot,com.camerasideas.instashot,India,138
https://play.google.com/store/apps/details?id=com.myntra.android,com.myntra.android,India,139
https://play.google.com/store/apps/details?id=com.google.android.apps.youtube.mango,com.google.android.apps.youtube.mango,India,140
https://play.google.com/store/apps/details?id=sg.bigo.live,sg.bigo.live,India,141
https://play.google.com/store/apps/details?id=com.ril.ajio,com.ril.ajio,India,142
https://play.google.com/store/apps/details?id=com.starmakerinteractive.starmaker,com.starmakerinteractive.starmaker,India,143
https://play.google.com/store/apps/details?id=vsin.t16_funny_photo,vsin.t16_funny_photo,India,144
https://play.google.com/store/apps/details?id=com.skgames.trafficrider,com.skgames.trafficrider,India,145
https://play.google.com/store/apps/details?id=com.kwai.video,com.kwai.video,India,146
https://play.google.com/store/apps/details?id=com.lawson.tower,com.lawson.tower,India,147
https://play.google.com/store/apps/details?id=com.videochat.livechat.wemeet,com.videochat.livechat.wemeet,India,148
https://play.google.com/store/apps/details?id=com.youdao.hindict,com.youdao.hindict,India,149
https://play.google.com/store/apps/details?id=com.halfbrick.fruitninjafree,com.halfbrick.fruitninjafree,India,150
https://play.google.com/store/apps/details?id=com.fancyu.videochat.love,com.fancyu.videochat.love,India,151
https://play.google.com/store/apps/details?id=com.virus.hunter,com.virus.hunter,India,152
https://play.google.com/store/apps/details?id=com.playrix.zoo_m3.gplay,com.playrix.zoo_m3.gplay,India,153
https://play.google.com/store/apps/details?id=com.ss.android.ugc.boom,com.ss.android.ugc.boom,India,154
https://play.google.com/store/apps/details?id=net.apex_designs.payback2,net.apex_designs.payback2,India,227
https://play.google.com/store/apps/details?id=com.zuuks.truck.simulator.euro,com.zuuks.truck.simulator.euro,India,228
https://play.google.com/store/apps/details?id=com.git.carromking,com.git.carromking,India,229
https://play.google.com/store/apps/details?id=com.fungames.battletanksbeta,com.fungames.battletanksbeta,India,230
https://play.google.com/store/apps/details?id=com.perfect.slices,com.perfect.slices,India,231
https://play.google.com/store/apps/details?id=com.bilkon.easypiano,com.bilkon.easypiano,India,232
https://play.google.com/store/apps/details?id=com.zitga.empire.warriors.td,com.zitga.empire.warriors.td,India,233
https://play.google.com/store/apps/details?id=com.sofeh.android.musicstudio3,com.sofeh.android.musicstudio3,India,234
https://play.google.com/store/apps/details?id=com.flatfish.cal.privacy,com.flatfish.cal.privacy,India,235
https://play.google.com/store/apps/details?id=com.zapak.littlesinghamrun,com.zapak.littlesinghamrun,India,236
https://play.google.com/store/apps/details?id=zombie.survival.dead.shooting,zombie.survival.dead.shooting,India,237
https://play.google.com/store/apps/details?id=io.painkiller.battle.royale,io.painkiller.battle.royale,India,238
https://play.google.com/store/apps/details?id=com.tv.v18.viola,com.tv.v18.viola,India,239
https://play.google.com/store/apps/details?id=com.fungames.highway.traffic.race,com.fungames.highway.traffic.race,India,240
https://play.google.com/store/apps/details?id=com.triplens.android,com.triplens.android,India,241
https://play.google.com/store/apps/details?id=com.gzl.superhero.karatefighting.game,com.gzl.superhero.karatefighting.game,India,242
https://play.google.com/store/apps/details?id=com.mplguide.guideformpl,com.mplguide.guideformpl,India,243
https://play.google.com/store/apps/details?id=com.playgendary.creamaster,com.playgendary.creamaster,India,244
https://play.google.com/store/apps/details?id=com.google.android.apps.youtube.creator,com.google.android.apps.youtube.creator,India,245
https://play.google.com/store/apps/details?id=com.google.android.youtube,com.google.android.youtube,India,246
https://play.google.com/store/apps/details?id=hd.camera,hd.camera,India,321
https://play.google.com/store/apps/details?id=roll.unblock.ball.block.puzzle,roll.unblock.ball.block.puzzle,India,322
https://play.google.com/store/apps/details?id=all.video.downloader.allvideodownloader,all.video.downloader.allvideodownloader,India,323
https://play.google.com/store/apps/details?id=com.gz.mission.train.shooting.game,com.gz.mission.train.shooting.game,India,324
https://play.google.com/store/apps/details?id=com.zakzak.live.chat,com.zakzak.live.chat,India,325
https://play.google.com/store/apps/details?id=com.roposo.android,com.roposo.android,India,326
https://play.google.com/store/apps/details?id=com.enteriosoft.extremebalancer3,com.enteriosoft.extremebalancer3,India,327
https://play.google.com/store/apps/details?id=pampam.ibf2,pampam.ibf2,India,328
https://play.google.com/store/apps/details?id=com.nextwave.wcc_lt,com.nextwave.wcc_lt,India,329
https://play.google.com/store/apps/details?id=com.fogg.photovideomaker,com.fogg.photovideomaker,India,330
https://play.google.com/store/apps/details?id=com.fgol.HungrySharkEvolution,com.fgol.HungrySharkEvolution,India,331
https://play.google.com/store/apps/details?id=com.lyrebirdstudio.photo_editor_pro,com.lyrebirdstudio.photo_editor_pro,India,332
https://play.google.com/store/apps/details?id=qureka.live.game.show,qureka.live.game.show,India,333
https://play.google.com/store/apps/details?id=com.bello.shootingworld,com.bello.shootingworld,India,334
https://play.google.com/store/apps/details?id=com.combineinc.streetracing.driftthreeD,com.combineinc.streetracing.driftthreeD,India,335
https://play.google.com/store/apps/details?id=com.zombieshooting.survivalhunter.gun3d,com.zombieshooting.survivalhunter.gun3d,India,336
https://play.google.com/store/apps/details?id=air.WR3DFree,air.WR3DFree,India,337
https://play.google.com/store/apps/details?id=com.mizo.robot.fps.shooting.game,com.mizo.robot.fps.shooting.game,India,424
https://play.google.com/store/apps/details?id=bubbleshooter.android,bubbleshooter.android,India,425
https://play.google.com/store/apps/details?id=com.cuvora.carinfo,com.cuvora.carinfo,India,426
https://play.google.com/store/apps/details?id=com.volcano.city.airplane.pilotflight,com.volcano.city.airplane.pilotflight,India,427
https://play.google.com/store/apps/details?id=com.renderedideas.alphaguns,com.renderedideas.alphaguns,India,428
https://play.google.com/store/apps/details?id=com.microsoft.office.officelens,com.microsoft.office.officelens,India,429
https://play.google.com/store/apps/details?id=com.zzkko,com.zzkko,India,430
https://play.google.com/store/apps/details?id=com.openworldactiongames.ropehero.crime.city,com.openworldactiongames.ropehero.crime.city,India,431
https://play.google.com/store/apps/details?id=com.ninetechnoz.pmawasyojana,com.ninetechnoz.pmawasyojana,India,432
https://play.google.com/store/apps/details?id=com.truecaller,com.truecaller,India,18
https://play.google.com/store/apps/details?id=com.jimaapps.city.coach.bus.simulator.driving,com.jimaapps.city.coach.bus.simulator.driving,India,19
https://play.google.com/store/apps/details?id=com.xmgame.savethegirl,com.xmgame.savethegirl,India,20
https://play.google.com/store/apps/details?id=com.zhiliaoapp.musically.go,com.zhiliaoapp.musically.go,India,21
https://play.google.com/store/apps/details?id=com.snapchat.android,com.snapchat.android,India,22
https://play.google.com/store/apps/details?id=com.imangi.templerun2,com.imangi.templerun2,India,23
https://play.google.com/store/apps/details?id=com.flipkart.android,com.flipkart.android,India,24
https://play.google.com/store/apps/details?id=com.phonepe.app,com.phonepe.app,India,25
https://play.google.com/store/apps/details?id=video.like,video.like,India,26
https://play.google.com/store/apps/details?id=com.kiloo.subwaysurf,com.kiloo.subwaysurf,India,27
https://play.google.com/store/apps/details?id=com.jio.myjio,com.jio.myjio,India,28
https://play.google.com/store/apps/details?id=cn.xender,cn.xender,India,29
https://play.google.com/store/apps/details?id=org.telegram.messenger,org.telegram.messenger,India,30
https://play.google.com/store/apps/details?id=com.whatsapp.w4b,com.whatsapp.w4b,India,31
https://play.google.com/store/apps/details?id=com.rioo.runnersubway,com.rioo.runnersubway,India,32
https://play.google.com/store/apps/details?id=com.facebook.lite,com.facebook.lite,India,33
https://play.google.com/store/apps/details?id=com.playrix.gardenscapes,com.playrix.gardenscapes,India,34
https://play.google.com/store/apps/details?id=app.buzz.share.lite,app.buzz.share.lite,India,35
https://play.google.com/store/apps/details?id=com.outfit7.herodash,com.outfit7.herodash,India,155
https://play.google.com/store/apps/details?id=com.igoldtech.streetchaser,com.igoldtech.streetchaser,India,156
https://play.google.com/store/apps/details?id=com.frenzygames.fgs.shooting.anti.terrorism.combat.mission,com.frenzygames.fgs.shooting.anti.terrorism.combat.mission,India,157
https://play.google.com/store/apps/details?id=com.blacklight.carrom.multiplayer,com.blacklight.carrom.multiplayer,India,158
https://play.google.com/store/apps/details?id=com.unacademyapp,com.unacademyapp,India,159
https://play.google.com/store/apps/details?id=com.imo.android.imoim,com.imo.android.imoim,India,160
https://play.google.com/store/apps/details?id=com.miniclip.eightballpool,com.miniclip.eightballpool,India,161
https://play.google.com/store/apps/details?id=com.moonvideo.android.resso,com.moonvideo.android.resso,India,162
https://play.google.com/store/apps/details?id=com.ohmgames.smashthemall,com.ohmgames.smashthemall,India,163
https://play.google.com/store/apps/details?id=shooter.two.purple,shooter.two.purple,India,164
https://play.google.com/store/apps/details?id=com.byjus.thelearningapp,com.byjus.thelearningapp,India,165
https://play.google.com/store/apps/details?id=com.tul.tatacliq,com.tul.tatacliq,India,166
https://play.google.com/store/apps/details?id=videoplayer.videodownloader.hdvideoplayer,videoplayer.videodownloader.hdvideoplayer,India,167
https://play.google.com/store/apps/details?id=com.playgendary.hitmasters,com.playgendary.hitmasters,India,168
https://play.google.com/store/apps/details?id=com.cam001.selfie,com.cam001.selfie,India,169
https://play.google.com/store/apps/details?id=com.pinterest,com.pinterest,India,170
https://play.google.com/store/apps/details?id=com.zapak.little.singham.cycle.game,com.zapak.little.singham.cycle.game,India,171
https://play.google.com/store/apps/details?id=com.lyrebirdstudio.instasquare,com.lyrebirdstudio.instasquare,India,172
https://play.google.com/store/apps/details?id=com.mini.joy.lite,com.mini.joy.lite,India,247
https://play.google.com/store/apps/details?id=com.cg.cowboy,com.cg.cowboy,India,248
https://play.google.com/store/apps/details?id=com.playgendary.tanks,com.playgendary.tanks,India,249
https://play.google.com/store/apps/details?id=com.gta.real.gangster.crime,com.gta.real.gangster.crime,India,250
https://play.google.com/store/apps/details?id=com.asiainno.uplive.aiglamour,com.asiainno.uplive.aiglamour,India,251
https://play.google.com/store/apps/details?id=com.sunstar.modern.army.convoy.gunner3d,com.sunstar.modern.army.convoy.gunner3d,India,252
https://play.google.com/store/apps/details?id=com.match.zhayan,com.match.zhayan,India,253
https://play.google.com/store/apps/details?id=games.spearmint.triplecrush,games.spearmint.triplecrush,India,254
https://play.google.com/store/apps/details?id=com.mitron.tv,com.mitron.tv,India,255
https://play.google.com/store/apps/details?id=com.downlood.sav.whmedia,com.downlood.sav.whmedia,India,256
https://play.google.com/store/apps/details?id=air.com.ace2three.mobile,air.com.ace2three.mobile,India,257
https://play.google.com/store/apps/details?id=com.orange.kidspiano.music.songs,com.orange.kidspiano.music.songs,India,258
https://play.google.com/store/apps/details?id=com.snowcorp.stickerly.android,com.snowcorp.stickerly.android,India,259
https://play.google.com/store/apps/details?id=com.swifthawk.picku.free,com.swifthawk.picku.free,India,260
https://play.google.com/store/apps/details?id=com.custom.pickmeup,com.custom.pickmeup,India,261
https://play.google.com/store/apps/details?id=com.mustardgames.army.prison.transport,com.mustardgames.army.prison.transport,India,262
https://play.google.com/store/apps/details?id=com.king.candycrushsodasaga,com.king.candycrushsodasaga,India,338
https://play.google.com/store/apps/details?id=com.avapp.guideformon,com.avapp.guideformon,India,339
https://play.google.com/store/apps/details?id=com.edit.clip.status.video,com.edit.clip.status.video,India,340
https://play.google.com/store/apps/details?id=com.kohistani.Hunter,com.kohistani.Hunter,India,341
https://play.google.com/store/apps/details?id=com.nic.mparivahan,com.nic.mparivahan,India,342
https://play.google.com/store/apps/details?id=air.com.tutotoons.app.sweetbabygirlsummerfun2.free,air.com.tutotoons.app.sweetbabygirlsummerfun2.free,India,343
https://play.google.com/store/apps/details?id=com.supercell.clashofclans,com.supercell.clashofclans,India,344
https://play.google.com/store/apps/details?id=in.org.npci.upiapp,in.org.npci.upiapp,India,345
https://play.google.com/store/apps/details?id=com.minijoy.match3,com.minijoy.match3,India,346
https://play.google.com/store/apps/details?id=com.mtsfreegames.trainracingmultiplayer,com.mtsfreegames.trainracingmultiplayer,India,347
https://play.google.com/store/apps/details?id=com.comfun.mobile.ludo.gpas,com.comfun.mobile.ludo.gpas,India,348
https://play.google.com/store/apps/details?id=com.junerking.archery,com.junerking.archery,India,349
https://play.google.com/store/apps/details?id=com.goodgamestudios.bigfarmmobileharvest,com.goodgamestudios.bigfarmmobileharvest,India,350
https://play.google.com/store/apps/details?id=com.nggs.mega.ramps.stunts.driving.challenge,com.nggs.mega.ramps.stunts.driving.challenge,India,351
https://play.google.com/store/apps/details?id=com.kudo.bubblebirdrescue2,com.kudo.bubblebirdrescue2,India,352
https://play.google.com/store/apps/details?id=com.atomic.apps.ringtone.cutter,com.atomic.apps.ringtone.cutter,India,353
https://play.google.com/store/apps/details?id=com.sonyliv,com.sonyliv,India,433
https://play.google.com/store/apps/details?id=com.lyrebirdstudio.tbt,com.lyrebirdstudio.tbt,India,434
https://play.google.com/store/apps/details?id=com.cashkingindia.kingcash,com.cashkingindia.kingcash,India,435
https://play.google.com/store/apps/details?id=com.nordcurrent.canteenhd,com.nordcurrent.canteenhd,India,436
https://play.google.com/store/apps/details?id=com.ucturbo,com.ucturbo,India,437
https://play.google.com/store/apps/details?id=com.tensquaregames.huntmobile,com.tensquaregames.huntmobile,India,438
https://play.google.com/store/apps/details?id=com.cyberlink.youperfect,com.cyberlink.youperfect,India,439
https://play.google.com/store/apps/details?id=com.impp.city.traindriver.simulator,com.impp.city.traindriver.simulator,India,440
https://play.google.com/store/apps/details?id=com.skisosoft.fes,com.skisosoft.fes,India,441
https://play.google.com/store/apps/details?id=com.idz.snakes.and.ladders.dice.board.games,com.idz.snakes.and.ladders.dice.board.games,India,442
https://play.google.com/store/apps/details?id=com.jio.media.ondemand,com.jio.media.ondemand,India,443
https://play.google.com/store/apps/details?id=downloader.vitmate.downloaderapp,downloader.vitmate.downloaderapp,India,444
https://play.google.com/store/apps/details?id=com.yy.biugo.lite,com.yy.biugo.lite,India,445
https://play.google.com/store/apps/details?id=com.maleo.bussimulatorid,com.maleo.bussimulatorid,India,446
https://play.google.com/store/apps/details?id=com.opalsapps.photoslideshowwithmusic,com.opalsapps.photoslideshowwithmusic,India,447
https://play.google.com/store/apps/details?id=com.hotstar.guidetvlive,com.hotstar.guidetvlive,India,448
https://play.google.com/store/apps/details?id=com.ketchapp.bikerush,com.ketchapp.bikerush,India,449
https://play.google.com/store/apps/details?id=com.facebook.orca,com.facebook.orca,India,36
https://play.google.com/store/apps/details?id=bubbleshooter.orig,bubbleshooter.orig,India,37
https://play.google.com/store/apps/details?id=com.ksbcvirtualq,com.ksbcvirtualq,India,38
https://play.google.com/store/apps/details?id=io.yarsa.games.ludo,io.yarsa.games.ludo,India,39
https://play.google.com/store/apps/details?id=com.fingersoft.hillclimb,com.fingersoft.hillclimb,India,40
https://play.google.com/store/apps/details?id=com.windyty.android,com.windyty.android,India,41
https://play.google.com/store/apps/details?id=com.cardfeed.video_public,com.cardfeed.video_public,India,42
https://play.google.com/store/apps/details?id=com.fun.games.commando.black.shadow,com.fun.games.commando.black.shadow,India,43
https://play.google.com/store/apps/details?id=com.playrix.township,com.playrix.township,India,44
https://play.google.com/store/apps/details?id=com.playit.videoplayer,com.playit.videoplayer,India,45
https://play.google.com/store/apps/details?id=com.imangi.templerun,com.imangi.templerun,India,46
https://play.google.com/store/apps/details?id=com.commsource.beautyplus,com.commsource.beautyplus,India,47
https://play.google.com/store/apps/details?id=com.domobile.applockwatcher,com.domobile.applockwatcher,India,48
https://play.google.com/store/apps/details?id=com.UCMobile.intl,com.UCMobile.intl,India,49
https://play.google.com/store/apps/details?id=com.myairtelapp,com.myairtelapp,India,50
https://play.google.com/store/apps/details?id=com.ai.bfly,com.ai.bfly,India,51
https://play.google.com/store/apps/details?id=com.jio.media.jiobeats,com.jio.media.jiobeats,India,52
https://play.google.com/store/apps/details?id=com.gaana,com.gaana,India,53
https://play.google.com/store/apps/details?id=com.herorescue.knight.pull.pin,com.herorescue.knight.pull.pin,India,54
https://play.google.com/store/apps/details?id=com.bingo.livetalk,com.bingo.livetalk,India,173
https://play.google.com/store/apps/details?id=com.ludo.master.hippo,com.ludo.master.hippo,India,174
https://play.google.com/store/apps/details?id=com.solou.catendless.run,com.solou.catendless.run,India,175
https://play.google.com/store/apps/details?id=com.jetstartgames.chess,com.jetstartgames.chess,India,176
https://play.google.com/store/apps/details?id=io.teslatech.callbreak,io.teslatech.callbreak,India,177
https://play.google.com/store/apps/details?id=videostatusmaker.videostatus.boo,videostatusmaker.videostatus.boo,India,178
https://play.google.com/store/apps/details?id=com.pixel.dance,com.pixel.dance,India,179
https://play.google.com/store/apps/details?id=com.doodle.turboracing3d,com.doodle.turboracing3d,India,180
https://play.google.com/store/apps/details?id=com.outfit7.talkingtomgoldrun,com.outfit7.talkingtomgoldrun,India,181
https://play.google.com/store/apps/details?id=tv.accedo.airtel.wynk,tv.accedo.airtel.wynk,India,182
https://play.google.com/store/apps/details?id=com.mastercomlimited.cardriving_t,com.mastercomlimited.cardriving_t,India,183
https://play.google.com/store/apps/details?id=com.q4u.autocallrecorder,com.q4u.autocallrecorder,India,184
https://play.google.com/store/apps/details?id=com.kwai.bulldog,com.kwai.bulldog,India,185
https://play.google.com/store/apps/details?id=com.xmagic.camera,com.xmagic.camera,India,186
https://play.google.com/store/apps/details?id=com.Celltop.SpiralRoll,com.Celltop.SpiralRoll,India,187
https://play.google.com/store/apps/details?id=sg.bigo.ludolegend,sg.bigo.ludolegend,India,188
https://play.google.com/store/apps/details?id=com.google.android.apps.youtube.music,com.google.android.apps.youtube.music,India,189
https://play.google.com/store/apps/details?id=com.google.android.apps.translate,com.google.android.apps.translate,India,190
https://play.google.com/store/apps/details?id=robot.car.war.gangaster.crime.car.war.gangaster.city.game,robot.car.war.gangaster.crime.car.war.gangaster.city.game,India,263
https://play.google.com/store/apps/details?id=com.indiaBulls,com.indiaBulls,India,264
https://play.google.com/store/apps/details?id=com.fingersoft.hcr2,com.fingersoft.hcr2,India,265
https://play.google.com/store/apps/details?id=com.dopuz.klotski.riddle,com.dopuz.klotski.riddle,India,266
https://play.google.com/store/apps/details?id=com.howguidetompl.tipsforlandmoreguide,com.howguidetompl.tipsforlandmoreguide,India,267
https://play.google.com/store/apps/details?id=in.gov.uidai.mAadhaarPlus,in.gov.uidai.mAadhaarPlus,India,268
https://play.google.com/store/apps/details?id=com.igg.android.lordsmobile,com.igg.android.lordsmobile,India,269
https://play.google.com/store/apps/details?id=com.mventus.selfcare.activity,com.mventus.selfcare.activity,India,270
https://play.google.com/store/apps/details?id=free.os.jump.superbros.adventure.world,free.os.jump.superbros.adventure.world,India,271
https://play.google.com/store/apps/details?id=com.cutestudio.pdfviewer,com.cutestudio.pdfviewer,India,272
https://play.google.com/store/apps/details?id=ru.galya.drawjoust,ru.galya.drawjoust,India,273
https://play.google.com/store/apps/details?id=games.onebutton.golfbattle,games.onebutton.golfbattle,India,274
https://play.google.com/store/apps/details?id=com.assassingames.ninjafrogrope,com.assassingames.ninjafrogrope,India,275
https://play.google.com/store/apps/details?id=com.bubble.shooter.forest.pop,com.bubble.shooter.forest.pop,India,276
https://play.google.com/store/apps/details?id=com.skgames.trafficracer,com.skgames.trafficracer,India,277
https://play.google.com/store/apps/details?id=videoeditor.videorecorder.screenrecorder,videoeditor.videorecorder.screenrecorder,India,278
https://play.google.com/store/apps/details?id=com.mxtech.videoplayer.beta,com.mxtech.videoplayer.beta,India,354
https://play.google.com/store/apps/details?id=com.refuelgames.rally,com.refuelgames.rally,India,355
https://play.google.com/store/apps/details?id=com.game.jam.save.the.girl,com.game.jam.save.the.girl,India,356
https://play.google.com/store/apps/details?id=com.colorup.game,com.colorup.game,India,357
https://play.google.com/store/apps/details?id=photo.editor.photoeditor.photoeditorpro,photo.editor.photoeditor.photoeditorpro,India,358
https://play.google.com/store/apps/details?id=com.greenteagames.dogracing3d,com.greenteagames.dogracing3d,India,359
https://play.google.com/store/apps/details?id=focus.camera.focuscamera,focus.camera.focuscamera,India,360
https://play.google.com/store/apps/details?id=com.adobe.reader,com.adobe.reader,India,361
https://play.google.com/store/apps/details?id=com.seenax.HideAndSeek,com.seenax.HideAndSeek,India,362
https://play.google.com/store/apps/details?id=com.tohsoft.arashi.ninja.shadow,com.tohsoft.arashi.ninja.shadow,India,363
https://play.google.com/store/apps/details?id=com.opera.mini.native,com.opera.mini.native,India,364
https://play.google.com/store/apps/details?id=com.nebula.mamu,com.nebula.mamu,India,365
https://play.google.com/store/apps/details?id=com.iexceed.appzillon.ippbMB,com.iexceed.appzillon.ippbMB,India,366
https://play.google.com/store/apps/details?id=com.google.android.apps.tachyon,com.google.android.apps.tachyon,India,367
https://play.google.com/store/apps/details?id=screenrecorder.recorder.editor,screenrecorder.recorder.editor,India,368
https://play.google.com/store/apps/details?id=com.duokan.phone.remotecontroller,com.duokan.phone.remotecontroller,India,369
https://play.google.com/store/apps/details?id=com.defianttech.diskdigger,com.defianttech.diskdigger,India,370
https://play.google.com/store/apps/details?id=com.Bingo.Fighter,com.Bingo.Fighter,India,371
https://play.google.com/store/apps/details?id=com.daily.scratch.game,com.daily.scratch.game,India,372
https://play.google.com/store/apps/details?id=com.ideacellular.myidea,com.ideacellular.myidea,India,373
https://play.google.com/store/apps/details?id=com.playstrom.drawonepart,com.playstrom.drawonepart,India,374
https://play.google.com/store/apps/details?id=com.crazylabs.tricky.traps.game,com.crazylabs.tricky.traps.game,India,375
https://play.google.com/store/apps/details?id=com.mobique.deleteapps,com.mobique.deleteapps,India,450
https://play.google.com/store/apps/details?id=lyricalvideostatusmaker.videostatusmaker.videostatus.lyrically.lyrical.ly.lyricalphotostatus.lyrical,lyricalvideostatusmaker.videostatusmaker.videostatus.lyrically.lyrical.ly.lyricalphotostatus.lyrical,India,451
https://play.google.com/store/apps/details?id=com.painter.cutandpaint,com.painter.cutandpaint,India,452
https://play.google.com/store/apps/details?id=com.appwallet.smarty,com.appwallet.smarty,India,453
https://play.google.com/store/apps/details?id=com.funcraftstudios.fire.force.battleground.survival,com.funcraftstudios.fire.force.battleground.survival,India,454
https://play.google.com/store/apps/details?id=com.gamma.scan,com.gamma.scan,India,455
https://play.google.com/store/apps/details?id=com.flying.car.robot.transformation.simulator,com.flying.car.robot.transformation.simulator,India,456
https://play.google.com/store/apps/details?id=com.RedLineGames.Game49,com.RedLineGames.Game49,India,457
https://play.google.com/store/apps/details?id=com.timuzgames.bikeracing2018,com.timuzgames.bikeracing2018,India,458
https://play.google.com/store/apps/details?id=com.wangsu.editor.bikephotoframe.bikephotoeditor,com.wangsu.editor.bikephotoframe.bikephotoeditor,India,459
https://play.google.com/store/apps/details?id=com.zapak.roll21.run.game,com.zapak.roll21.run.game,India,460
https://play.google.com/store/apps/details?id=com.lutmobile.lut,com.lutmobile.lut,India,461
https://play.google.com/store/apps/details?id=com.lf.real.extreme.suv.offroad.drive.games.free,com.lf.real.extreme.suv.offroad.drive.games.free,India,462
https://play.google.com/store/apps/details?id=com.dvloper.granny,com.dvloper.granny,India,463
https://play.google.com/store/apps/details?id=com.google.android.apps.docs.editors.sheets,com.google.android.apps.docs.editors.sheets,India,464
https://play.google.com/store/apps/details?id=com.eterno,com.eterno,India,465
https://play.google.com/store/apps/details?id=net.one97.paytm,net.one97.paytm,India,55
https://play.google.com/store/apps/details?id=in.amazon.mShop.android.shopping,in.amazon.mShop.android.shopping,India,56
https://play.google.com/store/apps/details?id=com.newbiz.mvmaster,com.newbiz.mvmaster,India,57
https://play.google.com/store/apps/details?id=com.picsart.studio,com.picsart.studio,India,58
https://play.google.com/store/apps/details?id=com.sgs.antiterrorism.counterattack.commandomissiongame,com.sgs.antiterrorism.counterattack.commandomissiongame,India,59
https://play.google.com/store/apps/details?id=com.bsbportal.music,com.bsbportal.music,India,60
https://play.google.com/store/apps/details?id=com.linecorp.b612.android,com.linecorp.b612.android,India,61
https://play.google.com/store/apps/details?id=com.king.candycrushsaga,com.king.candycrushsaga,India,62
https://play.google.com/store/apps/details?id=com.outfit7.mytalkingtom2,com.outfit7.mytalkingtom2,India,63
https://play.google.com/store/apps/details?id=com.intsig.camscanner,com.intsig.camscanner,India,64
https://play.google.com/store/apps/details?id=com.dev.furturescope,com.dev.furturescope,India,65
https://play.google.com/store/apps/details?id=com.nexstreaming.app.kinemasterfree,com.nexstreaming.app.kinemasterfree,India,66
https://play.google.com/store/apps/details?id=com.mgc.RopeHero.ViceTown,com.mgc.RopeHero.ViceTown,India,67
https://play.google.com/store/apps/details?id=com.blacklightsw.ludo,com.blacklightsw.ludo,India,68
https://play.google.com/store/apps/details?id=com.tencent.ig,com.tencent.ig,India,69
https://play.google.com/store/apps/details?id=com.snowcorp.vita,com.snowcorp.vita,India,70
https://play.google.com/store/apps/details?id=com.app.rescuecut,com.app.rescuecut,India,71
https://play.google.com/store/apps/details?id=com.funnypuri.client,com.funnypuri.client,India,72
https://play.google.com/store/apps/details?id=com.lf.frontline.elite.war.free.apps,com.lf.frontline.elite.war.free.apps,India,73
https://play.google.com/store/apps/details?id=com.playrix.homescapes,com.playrix.homescapes,India,74
https://play.google.com/store/apps/details?id=com.cleanteam.oneboost,com.cleanteam.oneboost,India,191
https://play.google.com/store/apps/details?id=free.video.downloader.freevideodownloader,free.video.downloader.freevideodownloader,India,192
https://play.google.com/store/apps/details?id=com.netflix.mediaclient,com.netflix.mediaclient,India,193
https://play.google.com/store/apps/details?id=com.blacklight.callbreak,com.blacklight.callbreak,India,194
https://play.google.com/store/apps/details?id=com.game.space.shooter2,com.game.space.shooter2,India,195
https://play.google.com/store/apps/details?id=com.naxeex.royal.battletown,com.naxeex.royal.battletown,India,196
https://play.google.com/store/apps/details?id=com.gameresort.stupidzombies,com.gameresort.stupidzombies,India,197
https://play.google.com/store/apps/details?id=com.giantssoftware.fs14,com.giantssoftware.fs14,India,198
https://play.google.com/store/apps/details?id=com.yiyo.android,com.yiyo.android,India,199
https://play.google.com/store/apps/details?id=com.uc.browser.en,com.uc.browser.en,India,200
https://play.google.com/store/apps/details?id=com.alpha.applock,com.alpha.applock,India,279
https://play.google.com/store/apps/details?id=com.appon.worldofcricket,com.appon.worldofcricket,India,280
https://play.google.com/store/apps/details?id=com.mambet.tv,com.mambet.tv,India,281
https://play.google.com/store/apps/details?id=com.google.android.projection.gearhead,com.google.android.projection.gearhead,India,282
https://play.google.com/store/apps/details?id=com.crazylabs.coin.rush,com.crazylabs.coin.rush,India,283
https://play.google.com/store/apps/details?id=com.volcano.modrn.car.parking.d,com.volcano.modrn.car.parking.d,India,284
https://play.google.com/store/apps/details?id=com.dvloper.grannychaptertwo,com.dvloper.grannychaptertwo,India,285
https://play.google.com/store/apps/details?id=com.mz.classicludogame,com.mz.classicludogame,India,286
https://play.google.com/store/apps/details?id=com.octro.teenpatti,com.octro.teenpatti,India,287
https://play.google.com/store/apps/details?id=com.cocoplay.cakemaker,com.cocoplay.cakemaker,India,288
https://play.google.com/store/apps/details?id=com.quvideo.xiaoying,com.quvideo.xiaoying,India,289
https://play.google.com/store/apps/details?id=com.renderedideas.skyforce1945,com.renderedideas.skyforce1945,India,290
https://play.google.com/store/apps/details?id=fast.boost.cleaner.speed.clean.safe.plus,fast.boost.cleaner.speed.clean.safe.plus,India,291
https://play.google.com/store/apps/details?id=com.gameloft.android.ANMP.GloftA8HM,com.gameloft.android.ANMP.GloftA8HM,India,292
https://play.google.com/store/apps/details?id=com.chat.videochat,com.chat.videochat,India,293
https://play.google.com/store/apps/details?id=com.alibaba.intl.android.apps.poseidon,com.alibaba.intl.android.apps.poseidon,India,294
https://play.google.com/store/apps/details?id=livemobilelocationtracker.teccreations,livemobilelocationtracker.teccreations,India,295
https://play.google.com/store/apps/details?id=com.ufotosoft.justshot,com.ufotosoft.justshot,India,296
https://play.google.com/store/apps/details?id=com.inscripts.namaste,com.inscripts.namaste,India,376
https://play.google.com/store/apps/details?id=net.zedge.android,net.zedge.android,India,377
https://play.google.com/store/apps/details?id=com.byv.TheCatapult2,com.byv.TheCatapult2,India,378
https://play.google.com/store/apps/details?id=com.reliance.jio.jioswitch,com.reliance.jio.jioswitch,India,379
https://play.google.com/store/apps/details?id=com.balaji.alt,com.balaji.alt,India,380
https://play.google.com/store/apps/details?id=com.Mobile.Number.Locator.Caller.Location,com.Mobile.Number.Locator.Caller.Location,India,381
https://play.google.com/store/apps/details?id=com.easybrain.brain.test.easy.game,com.easybrain.brain.test.easy.game,India,382
https://play.google.com/store/apps/details?id=com.unicostudio.braintest,com.unicostudio.braintest,India,383
https://play.google.com/store/apps/details?id=com.bankofbaroda.mconnect,com.bankofbaroda.mconnect,India,384
https://play.google.com/store/apps/details?id=com.fgz.us.police.flying.helicopter.car.transform.robot.games,com.fgz.us.police.flying.helicopter.car.transform.robot.games,India,385
https://play.google.com/store/apps/details?id=com.fatee.android,com.fatee.android,India,386
https://play.google.com/store/apps/details?id=com.gamexis.racing.ferocity.apps,com.gamexis.racing.ferocity.apps,India,387
https://play.google.com/store/apps/details?id=com.zapak.sony.kickoandsuperspeedo,com.zapak.sony.kickoandsuperspeedo,India,388
https://play.google.com/store/apps/details?id=com.gotomate.livechat,com.gotomate.livechat,India,389
https://play.google.com/store/apps/details?id=com.vincentb.RollyLegs,com.vincentb.RollyLegs,India,390
https://play.google.com/store/apps/details?id=com.fundeasy.bankbalancecheck,com.fundeasy.bankbalancecheck,India,391
https://play.google.com/store/apps/details?id=com.azurgames.BattleGroundRoyale,com.azurgames.BattleGroundRoyale,India,392
https://play.google.com/store/apps/details?id=amazing.ropehero.spiderr.crime,amazing.ropehero.spiderr.crime,India,466
https://play.google.com/store/apps/details?id=com.judi.dialcolor,com.judi.dialcolor,India,467
https://play.google.com/store/apps/details?id=com.rvappstudios.kids.coloring.book.color.painting,com.rvappstudios.kids.coloring.book.color.painting,India,468
https://play.google.com/store/apps/details?id=com.wordmobile.prisonstorm,com.wordmobile.prisonstorm,India,469
https://play.google.com/store/apps/details?id=com.mumu.videochat.india,com.mumu.videochat.india,India,470
https://play.google.com/store/apps/details?id=com.zuuks.bus.simulator.ultimate,com.zuuks.bus.simulator.ultimate,India,471
https://play.google.com/store/apps/details?id=com.appstar.callrecorder,com.appstar.callrecorder,India,472
https://play.google.com/store/apps/details?id=free.vpn.unblock.proxy.turbovpn,free.vpn.unblock.proxy.turbovpn,India,473
https://play.google.com/store/apps/details?id=com.innovativegames.knockdown,com.innovativegames.knockdown,India,474
https://play.google.com/store/apps/details?id=com.xenstudio.birthdaycake.photoframe,com.xenstudio.birthdaycake.photoframe,India,475
https://play.google.com/store/apps/details?id=com.google.android.contacts,com.google.android.contacts,India,476
https://play.google.com/store/apps/details?id=com.lyrebirdstudio.magazine,com.lyrebirdstudio.magazine,India,477
https://play.google.com/store/apps/details?id=com.lf.sniper.gun.shooter.free.apps,com.lf.sniper.gun.shooter.free.apps,India,478
https://play.google.com/store/apps/details?id=com.inbox.clean.free.gmail.unsubscribe.smart.email.fresh.mailbox,com.inbox.clean.free.gmail.unsubscribe.smart.email.fresh.mailbox,India,479
https://play.google.com/store/apps/details?id=com.google.android.apps.books,com.google.android.apps.books,India,480
https://play.google.com/store/apps/details?id=org.my.joyrummy,org.my.joyrummy,India,481
https://play.google.com/store/apps/details?id=com.ss.android.ugc.boomlite,com.ss.android.ugc.boomlite,India,482
https://play.google.com/store/apps/details?id=at.ner.lepsWorld2,at.ner.lepsWorld2,India,483
https://play.google.com/store/apps/details?id=com.gz.deer.hunting.shooting,com.gz.deer.hunting.shooting,India,75
https://play.google.com/store/apps/details?id=com.crazylabs.asmr.cut,com.crazylabs.asmr.cut,India,76
https://play.google.com/store/apps/details?id=com.ansangha.drdriving,com.ansangha.drdriving,India,77
https://play.google.com/store/apps/details?id=com.microsoft.teams,com.microsoft.teams,India,78
https://play.google.com/store/apps/details?id=com.water.balls,com.water.balls,India,79
https://play.google.com/store/apps/details?id=com.zhiliao.musically.livewallpaper,com.zhiliao.musically.livewallpaper,India,80
https://play.google.com/store/apps/details?id=com.match3blaster.DropStackBallFall,com.match3blaster.DropStackBallFall,India,81
https://play.google.com/store/apps/details?id=com.kite.victers,com.kite.victers,India,82
https://play.google.com/store/apps/details?id=com.google.android.play.games,com.google.android.play.games,India,83
https://play.google.com/store/apps/details?id=com.mustardgames.impossible.tracks.mountain.stuntracing.monstertruck,com.mustardgames.impossible.tracks.mountain.stuntracing.monstertruck,India,84
https://play.google.com/store/apps/details?id=com.amazon.avod.thirdpartyclient,com.amazon.avod.thirdpartyclient,India,85
https://play.google.com/store/apps/details?id=com.sbi.lotusintouch,com.sbi.lotusintouch,India,86
https://play.google.com/store/apps/details?id=com.illisiumart.plus,com.illisiumart.plus,India,87
https://play.google.com/store/apps/details?id=com.graymatrix.did,com.graymatrix.did,India,88
https://play.google.com/store/apps/details?id=com.mind.quiz.brain.out,com.mind.quiz.brain.out,India,89
https://play.google.com/store/apps/details?id=com.yy.hiyo,com.yy.hiyo,India,90
https://play.google.com/store/apps/details?id=com.ffgames.racingincar2,com.ffgames.racingincar2,India,91
https://play.google.com/store/apps/details?id=com.aim.racing,com.aim.racing,India,92
https://play.google.com/store/apps/details?id=in.startv.hotstar,in.startv.hotstar,India,93
https://play.google.com/store/apps/details?id=com.google.android.apps.inputmethod.hindi,com.google.android.apps.inputmethod.hindi,India,297
https://play.google.com/store/apps/details?id=io.faceapp,io.faceapp,India,298
https://play.google.com/store/apps/details?id=com.vidchat.video.online.light,com.vidchat.video.online.light,India,299
https://play.google.com/store/apps/details?id=com.teenpatti.hd.gold,com.teenpatti.hd.gold,India,300
https://play.google.com/store/apps/details?id=com.topchopgames.skyroller,com.topchopgames.skyroller,India,393
https://play.google.com/store/apps/details?id=naturephotoframe.naturephotoeditor,naturephotoframe.naturephotoeditor,India,394
https://play.google.com/store/apps/details?id=com.free.guidefor.freefir.christoph,com.free.guidefor.freefir.christoph,India,395
https://play.google.com/store/apps/details?id=com.google.android.apps.nbu.files,com.google.android.apps.nbu.files,India,396
https://play.google.com/store/apps/details?id=com.heavyfall.constructioncity2,com.heavyfall.constructioncity2,India,397
https://play.google.com/store/apps/details?id=com.wangsu.editor.sunsetphotoframe.sunsetphotoeditor,com.wangsu.editor.sunsetphotoframe.sunsetphotoeditor,India,398
https://play.google.com/store/apps/details?id=com.time.trigger,com.time.trigger,India,399
https://play.google.com/store/apps/details?id=com.sweetfuirt.candy,com.sweetfuirt.candy,India,400
https://play.google.com/store/apps/details?id=com.application.zomato,com.application.zomato,India,484
https://play.google.com/store/apps/details?id=in.swiggy.android,in.swiggy.android,India,485
https://play.google.com/store/apps/details?id=com.microsoft.office.officehubrow,com.microsoft.office.officehubrow,India,486
https://play.google.com/store/apps/details?id=com.happyadda.jalebi,com.happyadda.jalebi,India,487
https://play.google.com/store/apps/details?id=hd.video.downloader.hdvideodownloadapp.vidmete,hd.video.downloader.hdvideodownloadapp.vidmete,India,488
https://play.google.com/store/apps/details?id=com.baklabs.taxi.two,com.baklabs.taxi.two,India,489
https://play.google.com/store/apps/details?id=com.tbegames.and.best_moto_race,com.tbegames.and.best_moto_race,India,490
https://play.google.com/store/apps/details?id=com.cyberlink.powerdirector.DRA140225_01,com.cyberlink.powerdirector.DRA140225_01,India,491
https://play.google.com/store/apps/details?id=in.gov.umang.negd.g2c,in.gov.umang.negd.g2c,India,492
https://play.google.com/store/apps/details?id=com.callerid.block,com.callerid.block,India,493
https://play.google.com/store/apps/details?id=com.mojang.minecrafttrialpe,com.mojang.minecrafttrialpe,India,494
https://play.google.com/store/apps/details?id=com.xvideostudio.videoeditor,com.xvideostudio.videoeditor,India,495
https://play.google.com/store/apps/details?id=com.malvo.frisbee,com.malvo.frisbee,India,496
https://play.google.com/store/apps/details?id=com.comfun.mobile.rumm.asgp,com.comfun.mobile.rumm.asgp,India,497
https://play.google.com/store/apps/details?id=com.HighbrowInteractive.IndianTrainSim,com.HighbrowInteractive.IndianTrainSim,India,498
https://play.google.com/store/apps/details?id=com.soul.hallo,com.soul.hallo,India,499
https://play.google.com/store/apps/details?id=com.wordmobiles.bikeRacing,com.wordmobiles.bikeRacing,India,500
https://play.google.com/store/apps/details?id=club.fromfactory,club.fromfactory,India,94
https://play.google.com/store/apps/details?id=com.google.android.apps.classroom,com.google.android.apps.classroom,India,95
https://play.google.com/store/apps/details?id=com.mustardgames.topspeed.formulacar.racinggames,com.mustardgames.topspeed.formulacar.racinggames,India,96
https://play.google.com/store/apps/details?id=com.outfit7.mytalkingtomfree,com.outfit7.mytalkingtomfree,India,97
https://play.google.com/store/apps/details?id=com.yoozoogames.ludogameallstar,com.yoozoogames.ludogameallstar,India,98
https://play.google.com/store/apps/details?id=com.slippy.linerusher,com.slippy.linerusher,India,99
https://play.google.com/store/apps/details?id=com.outfit7.talkingtom,com.outfit7.talkingtom,India,100
